Label,Type,Tags,Nachname,Vorname,Geschlecht,ID,Titel,Partei,Fraktion,Wahlperiode,Bürgermeister,E-Mail,Website,Büro-Adresse,Instagram,Facebook,LinkedIn,TikTok,Mastodon,RIS-Link,Image,Wahldatum,Mandatsbeginn,Listenplatz,Stimmen,Description,Ausschuss 1,Ausschuss 2,Ausschuss 3,Ausschuss 4,Ausschuss 5,Ausschuss 6,Ausschuss 7,Ausschuss 8,Feed_Instagram,Feed_Facebook,Feed_TikTok
Kathrin Abele,Person,,Abele,Kathrin,Frau,3312434,,SPD,SPD-Stadtratsfraktion,2026-2032,,,,,https://www.facebook.com/kathrin.abele.5/,https://www.facebook.com/kathrin.abele.5/,,,,https://risi.muenchen.de/risi/person/detail/3312434,https://risi.muenchen.de/risi/bild/6183892,2014-03-16,2014-05-01,6,126861,"Geboren 1971 in München, verheiratet, zwei Kinder. Abitur am Sophie-Scholl-Gymnasium, München.
Studium der Rechtswissenschaften und Referendariat in München. Berufstätig als Juristin bei einer Betriebskrankenkasse.

Seit 2014 im Stadtrat. 

Stellv. Fraktionsvorsitzende. 

Mitglied im Planungs-, Kommunal-, Sport-, Gesundheit-, Kultur und Rechnungsprüfungsausschuss.

Meine politischen Schwerpunkte:
- Optimal Gesundheitsförderung,
- Förderung der kulturellen Vielfalt,
- Schaffung und Erhalt bezahlbaren Wohnraums,
- Förderung des Breitensports,
- Vielfältige Gesundheitsangebote für alle.",,,,,,,,,,,
Leo Agerer,Person,,Agerer,Leo,Herr,5962886,,CSU,CSU-Stadtratsfraktion,2026-2032,,servus@leo-agerer.de,,"Büro Stadtrat Leo Agerer, Adamstr. 2, 80636, München",https://www.instagram.com/leo.agerer/,https://www.facebook.com/leoagerer/,,,,https://risi.muenchen.de/risi/person/detail/5962886,https://risi.muenchen.de/risi/bild/6183971,,,8,155552,"Geboren 1982 nahe München, verheiratet, selbstständig. Stadtrat seit 2020.

Mitglied in den Ausschüssen für Kultur, Finanzen, IT, Verwaltung und Personal.

Aufsichtsrat der Münchner Gewerbehof- und Technologiezentrums GmbH.
 
Vorsitzender des Vereins der Freunde Neuhausens e.V. (Maibaumverein Rotkreuzplatz).
Vorsitzender CSU Neuhausen-Nymphenburg.

Ich setze mich ein für:
- eine Kulturpolitik, die nicht nur an die Hochkultur denkt
- sinnvolle Verkehrskonzepte ohne ideologische Brille
- Bürgernähe des Stadtrats (schreiben Sie mir gerne)",,,,,,,,,,,
Andreas Babor,Person,,Babor,Andreas,Herr,5962895,,CSU,CSU-Stadtratsfraktion,2026-2032,,mail@andreas-babor.de,,,https://www.instagram.com/andreas.babor/,https://www.facebook.com/babor.csu.stadtrat/,https://www.linkedin.com/in/andreas-babor/,,,https://risi.muenchen.de/risi/person/detail/5962895,https://risi.muenchen.de/risi/bild/6183979,,,13,148894,"Geboren 1978 in München, verheiratet, ein Kind.

Studium der Rechtswissenschaften an der Ludwig-Maximilians-Universität in München.

Rechtsanwalt, Stadtrat seit 2020.

Mitglied im
- Ausschuss für Stadtplanung und Bauordnung,
- Bauausschuss,
- Kommunalausschuss und
- Sozialausschuss.

Aufsichtsrat der
- GEWOFAG Holding GmbH.",,,,,,,,,,,
Carina Bachner,Person,,Bachner,Carina,Frau,9659845,,Volt,Stadtratsfraktion Volt,2026-2032,,,,,https://www.instagram.com/carina.bachner.volt,,https://www.linkedin.com/in/carina-bachner-04a3a32a8/,,,https://risi.muenchen.de/risi/person/detail/9659845,,2026-03-08,2026-05-01,3,99988,,,,,,,,,,,,
Clemens Baumgärtner,Person,,Baumgärtner,Clemens,Herr,9689699,,CSU,CSU-Stadtratsfraktion,2026-2032,,,,,https://www.instagram.com/clemens.baumgaertner/,https://www.facebook.com/p/Clemens-Baumg%C3%A4rtner-61574655203068/,https://www.linkedin.com/in/clemens-baumg%C3%A4rtner/,https://www.tiktok.com/@clemens_baumgaertner,,https://risi.muenchen.de/risi/person/detail/9689699,,,,1,198653,,,,,,,,,,,,
Anja Berger,Person,,Berger,Anja,Frau,2875703,,Die Grünen,Die Grünen – Rosa Liste Stadtratsfraktion,2026-2032,,anja@bergernet.net,,"Fraktion Die Grünen - Rosa Liste, Rathaus, Marienplatz 8, 80331, München",https://www.instagram.com/anjab24/,,https://de.linkedin.com/in/anja-berger-84578a2ba,,,https://risi.muenchen.de/risi/person/detail/2875703,https://risi.muenchen.de/risi/bild/6184007,,,12,167953,"1971 geboren. Zwei Söhne. Lehrerin an einem Sonderpädagogischen Förderzentrum. Im Stadtrat von 2013 bis 2014 und seit 2018.

Erste weibliche &quot;Wiesn-Stadträtin&quot;.

Ausschüsse: Arbeit und Wirtschaft, Bildung, Soziales und Sport.
Aufsichtsrat: Gasteig München GmbH und Messe München.

Ich setze mich ein für: 

- Schulen und Ganztagesangebote, in denen alle Kinder die gleichen Chancen haben und die wirklich inklusiv sind.
- die Hälfte der Macht für Frauen auch in München! Mehr Frauen in Führungspositionen und Aufsichtsräten. Für konsequentes Gender Budgeting.
- mehr nachhaltige und regionale Speisen und Getränke auf der Wiesn, den Dulten und Märkten.",,,,,,,,,,,
Beppo Brem,Person,,Brem,Beppo,Herr,5962999,,Die Grünen,Die Grünen – Rosa Liste Stadtratsfraktion,2026-2032,,h.brem@gmx.de,,"Fraktion Die Grünen - Rosa Liste, Rathaus, Marienplatz 8, 80331, München",https://www.instagram.com/brembeppo/,,https://www.linkedin.com/in/beppo-brem-3993323/,,,https://risi.muenchen.de/risi/person/detail/5962999,https://risi.muenchen.de/risi/bild/6184034,,,14,164283,"Seit 2020 Mitglied des Stadtrats. Mitglied im Ausschuss für Arbeit und Wirtschaft, Sportausschuss,
Finanzausschuss, Verwaltungs- und Personalausschuss, IT-Ausschuss.
Mitglied im Bezirksausschuss Ludwigvorstadt-Isarvorstadt, Kreisvorsitzender BLSV München, Mitglied Sportbeirat,
Mitglied Kommission für Zuschuss- und Belegungsfragen Sport.

Geboren 19.11.1961 in Olching, seit 1972 in München, verheiratet.
Nachhaltigkeitsmanager und Leiter Personal/Finanzen.

Wirtschaftspolitische Ziele:
- nachhaltiger Tourismus
- Förderung kleiner und mittelständischer Betriebe

Sportpolitische Ziele:
- Ausbau der Sportinfrastruktur
- Förderung des Breitensports
- Nachhaltigkeit im Sport",,,,,,,,,https://qgesqcymfpqykxgkrxiu.supabase.co/functions/v1/serve-feed?id=2b1f18b6-ec55-4c86-9070-3132e8c26ce8,,
Simone Burger,Person,,Burger,Simone,Frau,3312514,,SPD,SPD-Stadtratsfraktion,2026-2032,,spd-rathaus@muenchen.de,,"SPD / Volt Stadtratsfraktion, Rathaus, Marienplatz 8, 80331, München",https://www.instagram.com/simone_burger/,,,,,https://risi.muenchen.de/risi/person/detail/3312514,https://risi.muenchen.de/risi/bild/6184052,2014-03-16,2014-05-01,10,118362,"Geboren 1979 im Oberallgäu, Studium der Politikwissenschaft, seit 2012 DGB Regionsgeschäftsführerin München.

Im Stadtrat seit 2014.

Mitglied im Ausschuss für Arbeit und Wirtschaft, im Ausschuss für Stadtplanung und Bauordnung, im Kommunalausschuss und zukünftig im Mobilitätsausschuss.
Mitglied im Aufsichtsrat der Stadtwerke München.

Ich setze mich dafür ein:
- München muss Stadt der Guten Arbeit sein.
- alle Möglichkeiten und Instrumente zu nutzen, um bezahlbares Wohnen zu schaffen und zu sichern.
- eine Daseinsvorsorge in öffentlicher Hand, die mehr Klimaschutz und soziale Gerechtigkeit schafft.",,,,,,,,,https://qgesqcymfpqykxgkrxiu.supabase.co/functions/v1/serve-feed?id=ad957c34-7003-4a90-9e9e-cacc38b7c31d,,
Marie Burneleit,Person,,Burneleit,Marie,Frau,5965775,,Die Partei,Die PARTEI im Rathaus München,2026-2032,,,https://grauesrathaus.de/,,https://www.instagram.com/bayernmarie/,https://www.facebook.com/Bayernmarie/,https://www.linkedin.com/in/marie-burneleit-574826137/,https://www.tiktok.com/@bayernmarie,,https://risi.muenchen.de/risi/person/detail/5965775,https://risi.muenchen.de/risi/bild/6184133,,,1,22864,"Erste Stadträtin die PARTEI
1. Vorsitzende KV München

Marie Burneleit ist die beste Stadträtin, die sich die Stadt München nur hätte leisten können und glauben Sie mir, billig sind andere! Sechs Jahre generisches Femininum sind nur der Anfang. Nur wer wahrhaft die Messestadt an Pasing anschließen kann, wo auch immer das sein mag, und den generellen Männeraufnahmestopp für alle Machtpositionen fordert, kann mit der richtigen Munition gegen den geballten Irrsinn der Vorherrschaft der Bierpreise vorgehen. Genderfizierung statt Gentrifizierung heißt die neue Devise für die bayrische Hauptstadt, ab jetzt wird zurückgemauert!
Marie Burneleit ist genau dafür die richtige Frau! Hoch die Maß und weg mit dem Patriadings!
Vux Geissler, Bundeskommissarin für Zerstörung und Fortschritt",,,,,,,,,,,
Sabine Bär,Person,,Bär,Sabine,Frau,3312549,,CSU,CSU-Stadtratsfraktion,2026-2032,,info@sabine-baer.de,https://www.csu.de/verbaende/kv/muenchen-iv/,,https://www.instagram.com/sabinebaer.muc/,https://www.facebook.com/sabine.baer.muc/,,,,https://risi.muenchen.de/risi/person/detail/3312549,https://risi.muenchen.de/risi/bild/6184150,2014-03-16,2014-05-01,10,151105,"Geboren am 11.6.1979 in München, drei Kinder, Dipl.-Informatikerin, Master of Business Administration, CSU-Ortsvorsitzende im Perlacher Forst, Stellvertretende Kreisvorsitzende im Kreisverband IV. Seit 2014 Mitglied des Münchner Stadtrats.

Sprecherin im Verwaltungs- und Personalausschuss sowie im IT-Ausschuss. 

Stellvertretende Sprecherin im Mobilitäts- und Sportausschuss.

Mitglied im Kreisverwaltung-, Gesundheits- und Rechnungsprüfungsausschuss.

Korreferentin des IT-Referates

Mitglied des Aufsichtsrates der München Stift GmbH sowie der digital@M GmbH.",,,,,,,,,,,
Arda Celik,Person,,Celik,Arda,Herr,9659878,,SPD,SPD-Stadtratsfraktion,2026-2032,,,,,https://www.instagram.com/ardacclk/,https://www.facebook.com/ardacclk/,https://de.linkedin.com/in/arda-celik-4569a6339,,,https://risi.muenchen.de/risi/person/detail/9659878,,2026-03-08,2026-05-01,8,121143,,,,,,,,,,,,
Serzan Celik,Person,,Celik,Serzan,Herr,9659873,,Die Grünen,Die Grünen – Rosa Liste Stadtratsfraktion,2026-2032,,,,,https://www.instagram.com/serzan.girezman/,,https://www.linkedin.com/in/serzan-celik-14062539a/,,,https://risi.muenchen.de/risi/person/detail/9659873,,2026-03-08,2026-05-01,18,156518,,,,,,,,,,,,
Christian Christoph,Person,,Christoph,Christian,Herr,9659895,,AFD,AfD-Fraktion Stadtrat München,2026-2032,,,,,,,,,,https://risi.muenchen.de/risi/person/detail/9659895,,2026-03-08,2026-05-01,5,98947,,,,,,,,,,,,
Nihat Demir,Person,,Demir,Nihat,Herr,9659902,,CSU,CSU-Stadtratsfraktion,2026-2032,,,,,https://www.instagram.com/nihatdemirmuc/,https://www.facebook.com/people/Nihat-Demir/100026383448218/,https://www.linkedin.com/in/nihat-demir-7462b2331/,,,https://risi.muenchen.de/risi/person/detail/9659902,,2026-03-08,2026-05-01,11,150187,,,,,,,,,,,,
Verena Dietl,Person,,Dietl,Verena,Frau,1418521,,SPD,SPD-Stadtratsfraktion,2026-2032,3,buero.bm3@muenchen.de,https://www.verena-dietl.de/,,https://www.instagram.com/dietlverena/,https://www.facebook.com/dietlverena/,https://de.linkedin.com/in/verena-dietl-4b3089214,,,https://risi.muenchen.de/risi/person/detail/1418521,https://risi.muenchen.de/risi/bild/6183882,2008-03-02,2008-05-02,1,170089,"Geboren am 24. Juni 1980 in München, in fester Partnerschaft lebend, zwei Kinder.

Studium der Sozialen Arbeit. Tätig in der Altenpflege, Jugendarbeit und Migrationsberatung.

2012 - Mai 2020 Geschäftsführerin bei einem sozialen Verein.

2002 - 2020 Mitglied im Bezirksausschuss Laim. Seit 2008 Stadträtin. 2016 - 2019 Stellvertretende Vorsitzende der SPD im Münchner Rathaus. Seit 2018 Stellvertretende Vorsitzende der SPD München. 2019 - 2020 Fraktionsvorsitzende der SPD im Münchner Rathaus.

Im Mai 2020 zur Dritten Bürgermeisterin gewählt, zuständig für Sozialausschuss, Kinder- und Jugendhilfeausschuss,
Gesundheitsausschuss, Bildungsausschuss, Sportausschuss und Kommunalausschuss.

Aufsichtsratsvorsitzende der GEWOFAG Holding GmbH, der GWG Städtische Wohnungsgesellschaft München mbH, der Olympiapark München GmbH und der Münchner Volkshochschule GmbH. Aufsichtsrätin der Münchener
Tierpark Hellabrunn AG und der MÜNCHENSTIFT GmbH.

Zielsetzung: 

&quot;Sich für Menschen einsetzen - das ist mein Antrieb. Alle Münchner*innen sollen die gleichberechtigte Chance
haben, die Stadtgesellschaft mitzugestalten. Die Teilhabe aller am gesellschaftlichen Leben und an kommunalpolitischen Entscheidungen muss gewährleistet sein. 

Mein Ziel ist ein bürgernahes und sozial gerechtes München. Verlässliche Kinderbetreuung, zukunftsfähige
Schulen, gute Gesundheitsversorgung und ein vielfältiges Sportangebot müssen im Fokus der Politik stehen.

Es ist mir ein großes Bedürfnis, dass Bildung allen Menschen in jeder Lebenslage offensteht. Dadurch wird
die Voraussetzung für eine demokratische und gerechte Zukunft geschaffen.&quot;",,,,,,,,,,,
Peter Ditges,Person,,Ditges,Peter,Herr,9659908,Dr.,AFD,AfD-Fraktion Stadtrat München,2026-2032,,,,,,,,,,https://risi.muenchen.de/risi/person/detail/9659908,,2026-03-08,2026-05-01,2,100616,,,,,,,,,,,,
Mona Fuchs,Person,,Fuchs,Mona,Frau,5963010,,Die Grünen,Die Grünen – Rosa Liste Stadtratsfraktion,2026-2032,2,post@monafuchs.de,,"Die GRÜNEN / Rosa Liste Marienplatz 8, 80331, München",https://www.instagram.com/fonamux/,https://www.facebook.com/mona.social.media/,https://www.linkedin.com/in/mona-fuchs-751777232/,,,https://risi.muenchen.de/risi/person/detail/5963010,https://risi.muenchen.de/risi/bild/8594839,,,1,205746,"Geboren 1987 in Hechingen, seit 2004 in München lebend, verheiratet, zwei Kinder, Klimaschutzkoordinatorin.
Im Stadtrat seit 2020.
Fraktionsvorsitzende.
Mitglied im Umwelt-, Mobilitäts-, Kultur-, Stadtentwässerungs- und Bauausschuss.
Umweltpolitische Koordinatorin
Aufsichtsrätin der Stadtwerke München, der SWM Services GmbH und der Münchner Volkshochschule. Fachbeirätin
BE und SH-Beiratsmitglied.

Ich setze mich ein für:
Klima- und Umweltschutz
- Verkehrswende voranbringen: Umsetzung Radbegehren, Priorisierung Umweltverbund, Neugestaltung öffentlicher Raum
- Naturschutz, Bewahrung von Artenvielfalt und Ökosystemen
- Energiewende voranbringen durch Ausbau regionaler erneuerbarer Energien

Mehr: monafuchs.de und @fonamux",,,,,,,,,,,
Dagmar Först-Reich,Person,,Först-Reich,Dagmar,Frau,9659918,,FDP,Fraktion FDP – FREIE WÄHLER,2026-2032,,,,,,,,,,https://risi.muenchen.de/risi/person/detail/9659918,,2026-03-08,2026-05-01,3,30874,,,,,,,,,,,,
Armin Gastl,Person,,Gastl,Armin,Herr,9659923,,CSU,CSU-Stadtratsfraktion,2026-2032,,,,,,https://www.facebook.com/armin.gastl,https://www.linkedin.com/in/armin-gastl-87349117/,,,https://risi.muenchen.de/risi/person/detail/9659923,,2026-03-08,2026-05-01,14,148671,,,,,,,,,,,,
Alexandra Gaßmann,Person,,Gaßmann,Alexandra,Frau,4117775,,CSU,CSU-Stadtratsfraktion,2026-2032,,,http://www.alexandra-gassmann.de/,,https://www.instagram.com/alexandra.gassmann/,https://www.facebook.com/alexandragassmanncsu/,https://www.linkedin.com/in/alexandra-ga%C3%9Fmann-67ba7511a/,,,https://risi.muenchen.de/risi/person/detail/4117775,https://risi.muenchen.de/risi/bild/6184243,,2016-07-01,7,155713,"Geboren am 8.2.1967 in Regensburg, verheiratet, katholisch, Mutter von neun Kindern, Arzthelferin, im BA Laim
seit 2008, Landesvorsitzende KINDERreich in Bayern e. V., Vorsitzende des Pfarrverbandes Laim.
Sozial- und familienpolitische Sprecherin. Mitglied im Kinder- und Jugendhilfe-, Bildungs-, Sozial-, Umwelt-, Sport- sowie Verwaltungs- und Personalausschuss.

Meine Schwerpunkte sind:
- München als familienfreundliche Stadt,
- Erhalt der sozialen Gerechtigkeit,
- Förderung von Vereinen und ehrenamtlichem Engagement,
- Förderung des Breitensports.

Trägerin der
- Staatsmedaille für soziale Verdienste,
- Pater-Rupert-Mayer-Medaille,
- Medaille &quot;München leuchtet&quot; in Bronze.

Mehr: alexandra-gassmann.de",,,,,,,,,,,
Judith Greif,Person,,Greif,Judith,Frau,5963043,,Die Grünen,Die Grünen – Rosa Liste Stadtratsfraktion,2026-2032,,,,,https://www.instagram.com/judith.greif/,,https://de.linkedin.com/in/judith-greif-a8422a1b0,,,https://risi.muenchen.de/risi/person/detail/5963043,https://risi.muenchen.de/risi/bild/6184296,,,5,178714,"Geboren am 8.3.1984, M.Sc. (Informatik), M.A. (Literaturwissenschaft), Software-Entwicklerin.

Mitglied in folgenden Ausschüssen:
IT-Ausschuss, Verwaltungs- und Personalausschuss, Gesundheitsausschuss, Umweltausschuss.

Mitglied der Stadtratskommission zur Gleichstellung von Frauen.

Verwaltungsbeirätin IT@M, Beirätin Digital@M, Beirätin Portal München Betriebs-GmbH &amp; Co. KG.",,,,,,,,,,,
Ulrike Grimm,Person,,Grimm,Ulrike,Frau,3312587,,CSU,CSU-Stadtratsfraktion,2026-2032,,ulrike-grimm@gmx.de,http://www.was-zaehlt-ist-muenchen.de/,"Marienplatz 8, 80331, München",https://www.instagram.com/uli.grimm/,,https://www.linkedin.com/in/ulrike-grimm-83209aa5/,,,https://risi.muenchen.de/risi/person/detail/3312587,https://risi.muenchen.de/risi/bild/6184307,2014-03-16,2014-05-01,5,158975,"Am 5.5.1962 in Oberfranken geboren, verheiratet, zwei Töchter, evangelisch.
Meisterbrief im Schneiderhandwerk und Diplom für Schnitt &amp; Gestaltung.
Seit 1987 selbstständig im Bereich Messen, Veranstaltungen und Modenschauen.
Seit 2014 im Stadtrat.
Sportpolitische Sprecherin.
Stv. Sprecherin Gesundheits- und Kulturausschuss. Ausschuss für Arbeit und Wirtschaft, IT und Mobilität.
Stv. Vorsitzende der Kommission zur Gleichstellung von Frauen. Mitglied im BA 16 Ramersdorf Perlach, Bezirksvorsitzende der FRAUEN UNION.

Besondere Anliegen
- Seniorinnen, Alleinerziehende und Familien.
- Handwerk, kleine Gewerbetreibende und Mittelstand.
- Tracht und Brauchtum.
- Sport, Kunst und Kultur.",,,,,,,,,,,
Paula Gundi,Person,,Gundi,Paula,Frau,9662466,,SPD,SPD-Stadtratsfraktion,2026-2032,,,,,https://www.instagram.com/paulaurs/,,https://de.linkedin.com/in/paula-gundi-63633225b,,,https://risi.muenchen.de/risi/person/detail/9662466,,2026-03-08,2026-05-01,5,131094,,,,,,,,,,,,
Nimet Gökmenoĝlu,Person,,Gökmenoĝlu,Nimet,Frau,5963032,,Die Grünen,Die Grünen – Rosa Liste Stadtratsfraktion,2026-2032,,,,"Fraktion Die Grünen - Rosa Liste, Rathaus, Marienplatz 8, 80331, München",,,,,,https://risi.muenchen.de/risi/person/detail/5963032,https://risi.muenchen.de/risi/bild/6184512,,,6,176145,,,,,,,,,,,,
Arif Haidary,Person,,Haidary,Arif,Herr,9662524,,Die Linke,Die Linke Fraktion im Münchner Stadtrat,2026-2032,,,,,https://www.instagram.com/arifhaidary_/,,,,,https://risi.muenchen.de/risi/person/detail/9662524,,2026-03-08,2026-05-01,5,49146,,,,,,,,,,,,
Ursula Harper,Person,,Harper,Ursula,Frau,8081743,,Die Grünen,Die Grünen – Rosa Liste Stadtratsfraktion,2026-2032,,,,,https://www.instagram.com/ursula.j.harper/,,https://www.linkedin.com/in/ursula-harper-65286b90/,,,https://risi.muenchen.de/risi/person/detail/8081743,https://risi.muenchen.de/risi/bild/8493152,,,21,151062,"Geboren 1966 in München, verheiratet, zwei erwachsene Kinder • Freie Grafikerin und Illustratorin für verschiedene Agenturen und Verlage. Von 2020 bis 2021 Vorsitzende der Münchner Grünen. Mitglied im Bezirksausschuss Moosach und dort Vorsitzende der Grünen Fraktion. Stadträtin seit 2023. Ausschüsse: Ausschuss für Klima und Umweltschutz • Sozialausschuss • Bauausschuss • Bildungsausschuss. Mitglied in der Gleichstellungskommission, im Klimarat und im Tierbeirat • Kontakt: ursula.harper@muenchen.de",,,,,,,,,,,
Roland Hefter,Person,,Hefter,Roland,Herr,5963324,,SPD,SPD-Stadtratsfraktion,2026-2032,,kontakt@rolandheffer.de,,"Marienplatz 8, 80331, München",https://www.instagram.com/roland_hefter/,https://www.facebook.com/rolandhefterisarrider/,,,,https://risi.muenchen.de/risi/person/detail/5963324,https://risi.muenchen.de/risi/bild/6184543,,,3,138615,"Geboren 1967 in München. Grafik-Designer und Musiker/Liedermacher.

Mitglied im
- Kulturausschuss,
- Mobilitätsausschuss,
- Sozialausschuss und
- Verwaltungs- und Personalausschuss.

Stadtrat seit 2020.

Ich setze mich ein für 
- ein soziales und gerechtes Miteinander,
- Kultur, Subkultur und die Kunst,
- Tiere und artgerechte Tierhaltung,
- Mobilität, Radwege und Sicherheit im Verkehr.",,,,,,,,,https://qgesqcymfpqykxgkrxiu.supabase.co/functions/v1/serve-feed?id=c4de5ad5-11e4-473c-939f-be7223cad780,,
Jörg Hoffmann,Person,,Hoffmann,Jörg,Herr,1418563,Prof. Dr.,FDP,Fraktion FDP – FREIE WÄHLER,2026-2032,,stadtrat@joerg-hoffmann.eu,,"Marienplatz 8, 80331, München",https://www.instagram.com/joerghoffmannfdp/,https://www.facebook.com/Dr.JoergHoffmannFDP/,https://www.linkedin.com/in/j%C3%B6rg-hoffmann-fdp-m%C3%BCnchen/,,,https://risi.muenchen.de/risi/person/detail/1418563,https://risi.muenchen.de/risi/bild/6184549,2008-03-02,2008-05-02,1,38683,"Geboren 1971 in München, verheiratet, zwei Kinder. Abitur 1990 am Oskar-von-Miller-Gymnasium.
Studium der Betriebswirtschaftslehre an der LMU, 1998 – 2002 wissenschaftlicher Mitarbeiter an der LMU,
2004 Bestellung zum Steuerberater, seit 2005 Professor für Unternehmenssteuern und Wirtschaftsprüfung an der Hochschule Augsburg.

Seit 1991 Mitglied der FDP, seit 2002 Mitglied des Bezirksausschusses 1 (Altstadt-Lehel); von 2008 bis 2014
und seit 1.12.2018 im Stadtrat , seit 1. Mai 2020 Fraktionsvorsitzender.

Mitglied im Ältestenrat, Ausschuss für Stadtplanung- und Bauordnung, Finanzausschuss und Rechnungsprüfungsausschuss.

Meine Schwerpunkte:
Stadtplanung, Wohnungsbau, Finanzpolitik, Stärkung der sozialen Marktwirtschaft, Bürokratieabbau und
bürgerfreundliche Verwaltung.",,,,,,,,,,,
Katharina Horn,Person,,Horn,Katharina,Frau,9662776,,Die Linke,Die Linke Fraktion im Münchner Stadtrat,2026-2032,,,,,https://www.instagram.com/_katharinahorn/,https://www.facebook.com/katharina.horn.902,https://www.linkedin.com/in/katharina-horn-26945830/,,,https://risi.muenchen.de/risi/person/detail/9662776,,2026-03-08,2026-05-01,1,64422,,,,,,,,,,https://qgesqcymfpqykxgkrxiu.supabase.co/functions/v1/serve-feed?id=b6ffaadb-a70f-499c-81bd-3fb056d4ac16,,
Dirk Höpner,Person,,Höpner,Dirk,Herr,5965866,,München Liste,Fraktion ÖDP/BK/ML,2026-2032,,dirk.hoepner@muenchen-liste.de,,"Schneeglöckchenstr. 66f, 80995, München",https://www.instagram.com/dirk.hoepner/,https://www.facebook.com/dirkhoepner/,https://de.linkedin.com/in/dirk-h%C3%B6pner-960435107,,,https://risi.muenchen.de/risi/person/detail/5965866,https://risi.muenchen.de/risi/bild/6184616,,,1,10843,"Als Mitgründer der München-Liste sehe ich meinen politischen Schwerpunkt in der Zusammenarbeit und Unterstützung
der sehr vielen Münchner Bürgerinitiativen, Vereine und Gruppierungen, die sich für ein lebens- und
liebenswertes München einsetzen.

Geboren 1961, verheiratet, eine Tochter.
Abitur am Klenze-Gymnasium, München; Studium der Informatik an der TU München. Geschäftsführer eines großen Münchner Sozialunternehmens.

Mitglied im Ausschuss für Stadtplanung und Bauordnung und IT- Ausschuss sowie im BA 24, Feldmoching-
Hasenbergl.

Tätigkeitsschwerpunkte
- Wachstum braucht eine Balance (Arbeitsplätze, Wohnungen, Verkehr und Grün)
- Stadtentwicklung und Stadtplanung
- Bürgerbeteiligung und Transparenz
- Einsatz für behinderte Menschen",,,,,,,,,,,
Anne Hübner,Person,,Hübner,Anne,Frau,3312613,,SPD,SPD-Stadtratsfraktion,2026-2032,,,http://www.anne-huebner.de/,"SPD / Volt Stadtratsfraktion, Rathaus, Marienplatz 8, 80331, München",https://www.instagram.com/anniemuc/,https://www.facebook.com/anne.huebner/,https://de.linkedin.com/in/anne-h%C3%BCbner-38aa6798,,,https://risi.muenchen.de/risi/person/detail/3312613,https://risi.muenchen.de/risi/bild/6184630,2014-03-16,2014-05-01,2,140365,"Geboren 1978 in Finsterwalde (Brandenburg), eine Tochter.
Diplom-Verwaltungswirtin (FH), tätig als Referentin für Entgelte und Controlling.
Fraktionsvorsitzende
Mitglied der Ausschüsse Soziales, Kinder- und Jugendhilfe, Finanzen, IT und Umwelt.

Meine Ziele sind:
- Den Klimaschutz sozial gerecht zu gestalten.
- Seniorinnen und Senioren ein Leben voller Teilhabe und Würde zu ermöglichen.
- Öffentliche Gelder so einzusetzen, dass München langfristig der schönste Ort zum Arbeiten, Wirtschaften und Leben bleibt.

anne-huebner.de",,,,,,,,,,,
Stefan Jagel,Person,,Jagel,Stefan,Herr,5965755,,Die Linke,Die Linke Fraktion im Münchner Stadtrat,2026-2032,,,https://www.dielinke-muenchen-stadtrat.de/aktuelles/,"Fraktion DIE LINKE. / Die PARTEI, Rathaus, Marienplatz 8, 80331, München",https://www.instagram.com/stefanjagel/,https://www.facebook.com/stefanjageldielinke/,https://www.tiktok.com/@stefan.jagel,https://www.tiktok.com/@stefan.jagel,,https://risi.muenchen.de/risi/person/detail/5965755,https://risi.muenchen.de/risi/bild/6184633,,,2,63690,"Geboren 1984 in Traunstein und seit 15 Jahren lebe ich im Münchner Westend. Von Beruf bin ich Krankenpfleger.

Stadtrat seit 2020.
Fraktionsvorsitzender.

Gemeinsam streite ich mit den Beschäftigten konsequent für die Interessen von Arbeitnehmer*innen und damit für gute Arbeits- und Lebensbedingungen.

Als Mitglied im Gesundheits- und Kommunalausschuss sowie im Ausschuss für Arbeit und Wirtschaft
setze ich mich ein für
- die konsequente Ausübung der Vorkaufsrechte und die Ausweitung der Erhaltungssatzungen auf die ganze Stadt,
- die Bekämpfung von Armut,
- eine gut ausgestattete Gesundheitsversorgung in allen Stadtteilen,
- den Stopp von Ausgliederungen in der öffentlichen Daseinsvorsorge.",,,,,,,,,,,
Laurenz Kiefer,Person,,Kiefer,Laurenz,Herr,9662803,,CSU,CSU-Stadtratsfraktion,2026-2032,,,,,https://www.instagram.com/laurenz.kiefer/,,,,,https://risi.muenchen.de/risi/person/detail/9662803,,2026-03-08,2026-05-01,19,146065,,,,,,,,,,,,
Dominik Krause,Person,,Krause,Dominik,Herr,3312650,,Die Grünen,Die Grünen – Rosa Liste Stadtratsfraktion,2026-2032,1,,http://www.dominik-krause.de/,"Fraktion Die Grünen - Rosa Liste, Rathaus, Marienplatz 8, 80331, München",https://www.instagram.com/obmuenchen,https://www.facebook.com/dominik.krause.311/,https://www.linkedin.com/in/dominik-krause-93a801116/,https://www.tiktok.com/@dominik__krause,,https://risi.muenchen.de/risi/person/detail/3312650,https://risi.muenchen.de/risi/bild/7406254,2014-03-16,2014-05-01,,,"Geboren 1990 in München.
Physiker (M. Sc. TUM), Stadtrat seit 2014.
2019 - 2020 Vorsitzender der Münchner Grünen, seit 2012 aktiv bei München ist bunt! e.V.

2. Bürgermeister der Landeshauptstadt.
Zuständig für den Ausschuss für Klima- und Umweltschutz sowie für den Bau-, Kreisverwaltungs-, Kultur-, Mobilitäts- und IT-Ausschuss.
Aufsichtsrat der SWM.

Schwerpunkte:
- Bürger_innenrechte und Demokratie
- Kampf gegen Rechtsradikalismus
- Umstieg Erneuerbare Energien und Energieeffizienz
- Gleichstellung von Lesben, Schwulen, Bisexuellen &amp; Transgender
- Erhalt und Ausbau der kommunalen Flüchtlingspolitik",,,,,,,,,https://qgesqcymfpqykxgkrxiu.supabase.co/functions/v1/serve-feed?id=e35a18bc-5949-4697-b84a-69d240ec41aa,,
Sebastian Kriesel,Person,,Kriesel,Sebastian,Herr,9689611,,CSU,CSU-Stadtratsfraktion,2026-2032,,,,,https://www.instagram.com/sebastiankriesel/?hl=de,https://www.facebook.com/krieselsebastian/,,,,https://risi.muenchen.de/risi/person/detail/9689611,,,,17,148368,,,,,,,,,,,,
Christian Köning,Person,,Köning,Christian,Herr,5963708,Dr.,SPD,SPD-Stadtratsfraktion,2026-2032,,,http://www.christian-koening.de/,"SPD / Volt Stadtratsfraktion, Rathaus, Marienplatz 8, 80331, München",https://www.instagram.com/christiankoening/,https://www.facebook.com/christian.koening,,,,https://risi.muenchen.de/risi/person/detail/5963708,https://risi.muenchen.de/risi/bild/6184730,,,4,137481,"Geboren 1988, verheiratet, ein Sohn. 
Soziologe (M.A.), Dipl.-Verwaltungswirt (FH). 
Stadtrat seit 2020, Fraktionsvorsitzender seit 11/2023. 
Sprecher im Finanzausschuss, stellv. Sprecher im Ausschuss für Stadtplanung und Bauordnung und im Sozialausschuss, Mitglied im Verwaltungs- und Personalausschuss. 

Ich setze mich für eine starke Stadt ein, die gerade in unsicheren Zeiten niemanden allein lässt. Auf die Krisen unserer Zeit antworten wir mit Sozialer Politik. Ich setze mich für bezahlbaren Wohnraum, gute Arbeit und eine starke Wirtschaft ein.",,,,,,,,,,,
Felix Lang,Person,,Lang,Felix,Herr,9662818,,SPD,SPD-Stadtratsfraktion,2026-2032,,,,,https://www.instagram.com/felixlangmuc/,,,,,https://risi.muenchen.de/risi/person/detail/9662818,,2026-03-08,2026-05-01,9,119784,,,,,,,,,,,,
Alexandra Lang,Person,,Lang,Alexandra,Frau,9662825,,Volt,Stadtratsfraktion Volt,2026-2032,,,,,https://www.instagram.com/alexxandra_lang/,,https://www.linkedin.com/in/alexandra-lang-a08599225/,https://www.tiktok.com/@alexxandra_lang,,https://risi.muenchen.de/risi/person/detail/9662825,,2026-03-08,2026-05-01,2,103452,,,,,,,,,,,,
Sofie Langmeier,Person,,Langmeier,Sofie,Frau,5963048,,Die Grünen,Die Grünen – Rosa Liste Stadtratsfraktion,2026-2032,,,,"Fraktion Die Grünen - Rosa Liste, Rathaus, Marienplatz 8, 80331, München",https://www.instagram.com/sofie_langmeier/,,https://www.linkedin.com/in/sofie-langmeier-724881305/,,,https://risi.muenchen.de/risi/person/detail/5963048,https://risi.muenchen.de/risi/bild/6184792,,,16,157599,"Geboren 1959 in Forstinning, nicht verheiratet.
Altenpflegerin, Dipl.-Sozialpädagogin, PR-Fachwirtin, selbständig.

Ziele:
- Eine lebenswerte Stadt für alle Generationen - urban, grün, klimaneutral und inklusiv.
- Eine Mobilitätskultur, die Gemeinwohl und Einzelinteressen austariert.
- Erhalt von Lebensqualität und Autonomie für alte und/oder pflegebedürftige Menschen.

Mitglied in den Ausschüssen Soziales, Gesundheit, Mobilität, Bildung.
Aufsichtsrat: Münchenstift 
Mitglied im Bayerischen Städtetag
Verwaltungsbeirätin: Friedhofs- und Bestattungswesen (RGU)
Beirätin Rettungszweckverband München, Mitglied der AG Wohnungslosigkeit und der Jury Münchner Gesundheitspreis.",,,,,,,,,,,
Nadine Liebchen,Person,,Liebchen,Nadine,Frau,9662830,Dr.,SPD,SPD-Stadtratsfraktion,2026-2032,,,,,https://www.instagram.com/liebnadi/,,,,,https://risi.muenchen.de/risi/person/detail/9662830,,2026-03-08,2026-05-01,11,117870,,,,,,,,,,,,
Barbara Likus,Person,,Likus,Barbara,Frau,5963715,,SPD,SPD-Stadtratsfraktion,2026-2032,,,,,https://www.instagram.com/instabaerbelchen/,https://www.facebook.com/barbara.likus.94/,https://www.tiktok.com/@likusonduty,https://www.tiktok.com/@likusonduty,,https://risi.muenchen.de/risi/person/detail/5963715,https://risi.muenchen.de/risi/bild/6186337,,,13,116619,"Geboren 1985 in Bautzen, seit 2016 in München.
Fachabitur, Studium: Soziale Arbeit, evang. Theologie und Betriebswirtschaft.

Bezugsbetreuerin in einer Mutter-Kind-Wohngruppe.

Fachsprecherin für Menschenrechte.

Stellv. Sprecherin im Gesundheitsausschuss.

Stellv. Sprecherin im Kinder- und
Jugendhilfeausschuss.

Mitglied in den Ausschüssen:
- Bildungsausschuss
- Finanzausschuss",,,,,,,,,,,
Jens Luther,Person,,Luther,Jens,Herr,5962948,,CSU,CSU-Stadtratsfraktion,2026-2032,,je.luther@t-online.de,https://www.jens-luther.de/,,https://www.instagram.com/jens_luther/,https://www.facebook.com/jens.luther.7,,,,https://risi.muenchen.de/risi/person/detail/5962948,https://risi.muenchen.de/risi/bild/6186348,,,6,157706,"Geboren am 4.11.1985 in Coburg.
Rettungssanitäter, Evangelischer Kirchenmusiker, Fachlehrer.

Mitglied in folgenden Ausschüssen:
Kreisverwaltungsausschuss, Bildungsausschuss, Sportausschuss, Sozialausschuss. 
Verwaltungsbeirat der Branddirektion, Mitglied des Rettungszweckverbandes.
Mitglied in folgenden Aufsichtsräten:
München Ticket GmbH
Münchner Volkshochschulen GmbH

Meine Persönlichen Schwerpunkte:
- Stärkung unserer Blaulichtorganisationen wie Feuerwehr und Rettungsdienst,
- Schülerorientierte Bildung an Münchner Schulen,
- Ausbau der Kita’s,
- Unterstützung der vielfältigen Münchner Sportvereine,
- Schutz unserer Gartenstädte und Grünflächen im Münchner Norden und Nordosten.",,,,,,,,,,,
Gudrun Lux,Person,,Lux,Gudrun,Frau,5963063,,Die Grünen,Die Grünen – Rosa Liste Stadtratsfraktion,2026-2032,,,,,https://www.instagram.com/gudruncita/,https://www.facebook.com/gudrun.lux/,https://www.linkedin.com/in/gudrun-lux-31746212a/,,,https://risi.muenchen.de/risi/person/detail/5963063,https://risi.muenchen.de/risi/bild/6186361,,,13,165573,"Geb. 1980 in Schweinfurt, verheiratet, zwei Kinder. 
Studium der Politikwissenschaft, Kath. Theologie und Hispanistik in Mainz und Madrid (Magistra Artium).
Absolventin der Journalistenschule ifp. 
Rettungssanitäterin. 
Stadträtin seit 2020.
Mitglied im Mobilitäts-, Kommunal-, Verwaltungs- und Personal- und Kreisverwaltungsausschuss sowie der Gleichstellungskommission.
Aufsichtsrätin der Münchner Volkshochschule und des Tierparks Hellabrunn.

Ich setze mich ein für
- eine neue Verteilung des öffentlichen Raums: Mehr Platz zum Zufußgehen, Radeln, Spielen und Verweilen,
- eine echte Verkehrswende: Sichere Radwege, mehr öffentlicher Verkehr, Priorität für klimafreundliche und gesunde
Mobilität,
- tatsächliche Geschlechtergerechtigkeit: Gleiche Chancen für Mädchen und Frauen von der Kita bis zum Chefposten.",,,,,,,,,,,
Jitka Machyan,Person,,Machyan,Jitka,Frau,9662039,,AFD,AfD-Fraktion Stadtrat München,2026-2032,,,,,,,,,,https://risi.muenchen.de/risi/person/detail/9662039,,2026-03-08,2026-05-01,3,100375,,,,,,,,,,,,
Evelyne Menges,Person,,Menges,Evelyne,Frau,9,Dr.,CSU,CSU-Stadtratsfraktion,2026-2032,,stadtrat@menges-recht.de,https://evelyne-menges.de/,"Herzogstr. 127, 80796, München",https://www.instagram.com/mengesevelyne/,https://www.facebook.com/evelyne.menges/,,,,https://risi.muenchen.de/risi/person/detail/9,https://risi.muenchen.de/risi/bild/6186370,2003-10-22,1996-03-10,3,162164,"In Heidenheim / Brenz 1959 geboren;
selbständige Rechtsanwältin, Fachanwältin für Arbeitsrecht. Gründerin und Präsidentin Tierrettung München e.V.,
Ortsvorsitzende CSU Schwabing West, Kreisvorsitzende CSU München Nord.

Stellv. Fraktionsvorsitzende. 

Mitglied im Ältestenrat, im Bau-, Kultur- und Kreisverwaltungsausschuss. Bau- und tierschutzpolitische Sprecherin,
Sprecherin im Kreisverwaltungsausschuss; Aufsichtsrätin im Tierpark Hellabrunn, GWG, Olympiapark GmbH und
Deutsches Theater.

Politische Schwerpunkte:
- Natur- und Tierschutz, insbesondere gegen Massentierhaltung,
- für ein ausgewogenes Miteinander von Menschen mit und ohne Hund
- Stärkung des Ehrenamtes und des Vereinswesens
- mehr Sauberkeit im öffentlichen Raum
- Arbeitnehmerrechte stärken

Stadträtin seit 1996. 
evelyne-menges.de",,,,,,,,,,,
Lars Mentrup,Person,,Mentrup,Lars,Herr,5963725,,SPD,SPD-Stadtratsfraktion,2026-2032,,,https://mentrup.org/,,https://www.instagram.com/larsmentrup/,https://www.facebook.com/larsmentrupmuc/,,,,https://risi.muenchen.de/risi/person/detail/5963725,https://risi.muenchen.de/risi/bild/6187217,,,12,116951,"Geboren 1976 in Trier. Dipl.-Technomathematiker (TUM). 
Stadtrat seit 2020.
Mitglied im IT-, Kultur-, Finanz-, Kommunal- und Umweltausschuss.
Aufsichtsrat der Münchner Gewerbehöfe, der Münchner Filmwochen GmbH und der digital@m GmbH.

Ich setze mich ein für ein soziales München und eine starke Daseinsvorsorge, insbesondere für
- eine freie lebendige Kunst- und Kulturszene. Raum für Kreativität, Kneipen und Clubs.
- urbane Quartiere mit einer lebendigen Mischung, eine Stadt kurzer Wege und guter Nachbarschaft, sowie ausreichend und bezahlbare Wohn- und Gewerberäume
- eine Digitalisierung, auch der Verwaltung, die allen dient, einen schnellen Netzausbau und dadurch
mehr Lebensqualität, sowie freies Internet, offene Standards und moderne IT",,,,,,,,,https://qgesqcymfpqykxgkrxiu.supabase.co/functions/v1/serve-feed?id=04f85a33-5b99-4744-ad3e-b40d46730980,https://qgesqcymfpqykxgkrxiu.supabase.co/functions/v1/serve-feed?id=40d2e4d8-08a8-4918-8dee-c8d998d47d4b,
Veronika Mirlach,Person,,Mirlach,Veronika,Frau,5962959,,CSU,CSU-Stadtratsfraktion,2026-2032,,,,,https://www.instagram.com/veronika.mirlach/,,https://www.linkedin.com/in/veronika-mirlach-229a26205/,,,https://risi.muenchen.de/risi/person/detail/5962959,https://risi.muenchen.de/risi/bild/6187221,,,4,160821,"Geboren am 9.2.1987 in München, Volljuristin. 
Mitglied im Bezirksausschuss 19, Ortvorsitzende CSU Solln/Thalkirchen, Vorsitzende CSU München Süd. Mitglied in folgenden Ausschüssen: Ausschuss für Stadtplanung und Bauordnung, Bauausschuss, Gesundheitsausschuss, Mobilität (Sprecherin der CSU/FW-Fraktion), Stadtentwässerungsausschuss. Verwaltungsbeirätin der Lokalbaukommission, Aufsichtsrätin MRG, Mitglied im Bayerischen Städtetag. Politische Schwerpunkte: Stadtgestaltung, Bürgerbeteiligung.",,,,,,,,,,,
Jens Mühlhaus,Person,,Mühlhaus,Jens,Herr,183621,,Die Grünen,Die Grünen – Rosa Liste Stadtratsfraktion,2026-2032,,,,,https://www.instagram.com/jensmuhlhaus/,,https://www.linkedin.com/in/jens-m%C3%BChlhaus-295a25168/,,,https://risi.muenchen.de/risi/person/detail/183621,,2026-03-08,2026-05-01,17,156577,,,,,,,,,,,,
Bernd Müller,Person,,Müller,Bernd,Herr,9662087,,Rosa Liste,Die Grünen – Rosa Liste Stadtratsfraktion,2026-2032,,,,,https://www.instagram.com/berndmueller_rosaliste/,https://www.facebook.com/bernd.mueller.900/?locale=de_DE,,,,https://risi.muenchen.de/risi/person/detail/9662087,,,,1,32402,,,,,,,,,,,,
Clara Nitsche,Person,,Nitsche,Clara,Frau,5993918,,Die Grünen,Die Grünen – Rosa Liste Stadtratsfraktion,2026-2032,,,,"Fraktion Die Grünen - Rosa Liste, Rathaus, Marienplatz 8, 80331, München",https://www.instagram.com/clara.nitsche/,https://www.facebook.com/clari.nische/,https://www.linkedin.com/in/clara-nitsche-4121891ab/,,,https://risi.muenchen.de/risi/person/detail/5993918,https://risi.muenchen.de/risi/bild/6191312,,,2,190220,"Geboren am 27.3.1997 in Kempten, ledig, Studentin der Sozialen Arbeit.
Stadträtin seit 2020.
Mitglied im Fraktionsvorstand und stellv. Fraktionsvorsitzende.
Mitglied im Ausschuss für Arbeit und Wirtschaft, Sozial- , Kinder- und Jugendhilfe- und Umweltausschuss.
Aufsichtsrätin der Münchner Arbeit gGmbh und im Münchenstift.
Verwaltungsbeirätin für die Sozialbürgerhäuser.
Beirätin im Jobcenter München.
Mitglied im Rat der Gemeinden und Regionen (RGRE).

Ich setze mich ein für ein soziales, gerechteres und weltoffenes München.
Ich mache mich stark für die Interessen junger Menschen und geben ihnen eine Stimme. Klimaschutz ist für mich eine Querschnittsaufgabe und stets wichtige Maßgabe für mein Handeln.",,,,,,,,,,,
Lena Odell,Person,,Odell,Lena,Frau,5963735,,SPD,SPD-Stadtratsfraktion,2026-2032,,lena.odell@muenchen.de,,"SPD / Volt Stadtratsfraktion, Rathaus, Marienplatz 8, 80331, München",https://www.instagram.com/lenasophieodell/,,https://de.linkedin.com/in/lena-odell-738309131,https://www.tiktok.com/@lenasophieodell,,https://risi.muenchen.de/risi/person/detail/5963735,https://risi.muenchen.de/risi/bild/6192017,,,14,114850,"Geboren 1984 in München, verheiratet, zwei Kinder. Übersetzerin und Dolmetscherin. 
Im Stadtrat seit 2020.

Politische Ziele:
- Bildungsgerechtigkeit ab dem ersten Krippentag, unabhängig von Herkunft und Geldbeutel der Eltern,
- echte Vereinbarkeit von Familie und Beruf in München durch flexible Kinderbetreuung und starke Gleichstellungspolitik,
- das antifaschistische München, noch mehr kulturelle Vielfalt, Inklusion in die Stadtgesellschaft vor allem auch durch Sprache,
- einen ansprechenden, öffentlichen Raum für alle, möglichst frei von Konsumzwang.

Mitglied im Bildungsausschuss, Gesundheitsausschuss, Kinder- und Jugendhilfeausschuss Kreisverwaltungsausschuss
und Sportausschuss.
Korreferentin Referat für Bildung und Sport. Aufsichtsrätin MVHS.",,,,,,,,,,,
Liliana Parente,Person,,Parente,Liliana,Frau,9662109,,Die Linke,Die Linke Fraktion im Münchner Stadtrat,2026-2032,,,,,https://www.instagram.com/lensonp/,,,,,https://risi.muenchen.de/risi/person/detail/9662109,,2026-03-08,2026-05-01,3,59745,,,,,,,,,,,,
Michael Piazolo,Person,,Piazolo,Michael,Herr,1418572,Prof. Dr.,Freie Wähler,Fraktion FDP – FREIE WÄHLER,2026-2032,,,,,https://www.instagram.com/michael.piazolo/,https://www.facebook.com/MichaelPiazoloMdL/,https://www.linkedin.com/in/michael-piazolo-8501334a/,,,https://risi.muenchen.de/risi/person/detail/1418572,,2008-03-02,2008-05-02,1,27528,,,,,,,,,,,,
Angelika Pilz-Strasser,Person,,Pilz-Strasser,Angelika,Frau,5260712,,Die Grünen,Die Grünen – Rosa Liste Stadtratsfraktion,2026-2032,,apilzstrasser@gmail.com,,"Fraktion Die Grünen - Rosa Liste, Rathaus, Marienplatz 8, 80331, München",https://www.instagram.com/angelika.pilzstrasser/,https://www.facebook.com/angelika.pilzstrasser/,https://www.linkedin.com/in/angelika-pilz-strasser-934239313/,,,https://risi.muenchen.de/risi/person/detail/5260712,https://risi.muenchen.de/risi/bild/6192072,,,7,173533,"Geboren am 24.1.1955 in Cham, verheiratet, ein Sohn, zwei Töchter. Ärztin, tätig im hausärztlichen Bereich in der Au.
Seit 1996 Mitglied im Bezirksausschuss 13, Bogenhausen, von 2008 bis 2020 dort Vorsitzende.
Im Vorstand bei REFUGIO München
Mitglied im Gesundheits- , Kommunal-, Kultur- und Planungsausschuss.

Ich trete ein für
- einen intensiven Austausch mit der Münchner Stadtbevölkerung auf Augenhöhe und mit belastbaren Fakten,
- eine sensible, zukunftsorientierte Weiterentwicklung unserer Stadt, die Grünverbindungen und Identität erhält und bei neuen Planungen auf Qualität und Nachhaltigkeit setzt.",,,,,,,,,,,
Manuel Pretzl,Person,,Pretzl,Manuel,Herr,183603,,CSU,CSU-Stadtratsfraktion,2026-2032,,csu-fraktion@muenchen.de,,"CSU-Fraktion, Rathaus, Marienplatz 8, 80331, München",https://www.instagram.com/manuel.pretzl/,https://www.facebook.com/manuel.pretzl/,https://www.linkedin.com/in/manuel-pretzl-267557203/,,,https://risi.muenchen.de/risi/person/detail/183603,https://risi.muenchen.de/risi/bild/6192161,2002-03-03,2002-05-01,2,168575,"Geboren am 7. September 1975 in München, röm.-kath., verheiratet, zwei Kinder, Diplom-Kaufmann.
Direktor des Jagd- und Fischereimuseums.
Seit 2002 im Stadtrat. Von 2018 bis 2020 zweiter Bürgermeister der Landeshauptstadt München.
Fraktionsvorsitzender der CSU.
Sprecher im Mobilitäts- und im Wirtschaftsausschuss,
Mitglied im Umweltausschuss.
Mitglied im Aufsichtsrat SWM, Gasteig und Münchner Arbeit gGmbH sowie im Verwaltungsrat der Stadtsparkasse München.

Kommunale Schwerpunkte:
- leistungsfähige Wirtschaft,
- bezahlbares und lebenswertes Wohnen,
- Ausbau des ÖPNV,
- gute Schulen und gute Betreuung für unsere Kinder,
- Mobilität für Alle,
- konsequente Gestaltung des digitalen Wandels.",,,,,,,,,,,
Patricia Riekel,Person,,Riekel,Patricia,Frau,9662161,,FDP,Fraktion FDP – FREIE WÄHLER,2026-2032,,,,,https://www.instagram.com/patricia.riekel/?hl=de,https://www.facebook.com/priekel/?locale=de_DE,,,,https://risi.muenchen.de/risi/person/detail/9662161,,2026-03-08,2026-05-01,2,31064,,,,,,,,,,,,
Carmen Romano,Person,,Romano,Carmen,Frau,9662178,,Die Grünen,Die Grünen – Rosa Liste Stadtratsfraktion,2026-2032,,,,,https://www.instagram.com/carmen_romano_muc/,,https://www.linkedin.com/in/carmen-romano-38223565/,,,https://risi.muenchen.de/risi/person/detail/9662178,,2026-03-08,2026-05-01,15,157634,,,,,,,,,,https://qgesqcymfpqykxgkrxiu.supabase.co/functions/v1/serve-feed?id=23919949-b109-4be1-bb46-1c33082d2aec,,
Tobias Ruff,Person,,Ruff,Tobias,Herr,1948678,,ÖDP,Fraktion ÖDP/BK/ML,2026-2032,,t.ruff@oedp-muenchen.de,,"Marienplatz 8, Zi. 116, 80331, München",,,,,,https://risi.muenchen.de/risi/person/detail/1948678,https://risi.muenchen.de/risi/bild/6192265,2008-03-28,2010-01-27,1,41609,"Geboren am 19. September 1976 in München. Verheiratet, zwei Töchter.
Studium der Forstwirtschaft an der FH Weihenstephan. Gewässerökologe bei der Fachberatung für Fischerei, Bezirk Oberbayern.
Im Stadtrat seit Januar 2010.
Fraktionsvorsitzender ÖDP/FW.
Mitglied im Bau- und Stadtentwässerungs- sowie im Kreisverwaltungsausschuss.
Koreferent im Baureferat.

Schwerpunkte
- Erneuerbare Energien, als Antwort auf Klimawandel und Energieverknappung.
- Förderung von Ökologie und Naherholung.
- Öffentlicher Personennahverkehr.
- Nachhaltiges Wirtschaften.",,,,,,,,,,,
Johann Sauerer,Person,,Sauerer,Johann,Herr,9689633,,ÖDP,Fraktion ÖDP/BK/ML,2026-2032,,,,,https://www.instagram.com/hansi.sauerer/,https://www.facebook.com/johannsauerer/,,,,https://risi.muenchen.de/risi/person/detail/9689633,,,,2,28110,,,,,,,,,,,,
Sebastian Schall,Person,,Schall,Sebastian,Herr,3312595,,CSU,CSU-Stadtratsfraktion,2026-2032,,,http://www.sebastian-schall.com/,,https://www.instagram.com/stadtrat_sebastian_schall/,https://www.facebook.com/Schalli5/,,,,https://risi.muenchen.de/risi/person/detail/3312595,https://risi.muenchen.de/risi/bild/6193482,2014-03-16,2014-05-01,15,148625,"Geboren am 2.8.1983 in München, rk, verheiratet, zwei Söhne, mittelständischer Unternehmer, Diplomingenieur (FH)
der Druck und Medientechnik, Ortsvorsitzender der CSU Trudering-Riem, Stv. Kreisvorsitzender der CSU München-Ost.
Seit 2008 Mitglied im BA 15 Trudering-Riem. Seit 2014 Mitglied des Stadtrates.
Sprecher im Umweltausschuss.
Mitglied im Ausschuss für Arbeit und Wirtschaft, Kinder- und Jugendhilfe-, Mobilitäts- und Umweltausschuss, 
Mitglied der Taxi- und Energiekommission, Aufsichtsrat MGS, MVG und Messe München.
Verwaltungsbeirat Stadtarchiv.

Ziele:
- Förderung des Mittelstandes
- Wahrung des Gartenstadt-Charakters
- Lösung bestehender Verkehrsprobleme
- Förderung von Vereinen und ehrenamtlichem Engagement
- Förderung des Breitensports
- Förderung von Musik und Kultur",,,,,,,,,,,
Thomas Schmid,Person,,Schmid,Thomas,Herr,3312599,,CSU,CSU-Stadtratsfraktion,2026-2032,,schmid.muenchen@hotmail.com,,"Marienplatz 8, 80331, München",https://www.instagram.com/tomtank165/,https://www.facebook.com/Stadtrat.Thomas.Schmid/,https://www.linkedin.com/in/thomas-schmid-67a811225/,,,https://risi.muenchen.de/risi/person/detail/3312599,https://risi.muenchen.de/risi/bild/6193497,2014-03-16,2014-05-01,12,149296,"Geboren am 3.6.1962 in München, in Lebenspartnerschaft, drei Kinder.
Akademie für das Grafische Gewerbe, Staatlich geprüfter Drucktechniker.
Ab 1984 Gastronomische Unternehmungen. Gastronomieconsulting.
Mitglied im Ausschuss für Arbeit und Wirtschaft, Bau-, Finanz- und Kreisverwaltungsausschuss
und im Bayerischen Städtetag. Vizepräsident des Vereins der Freunde des Englischen Gartens.

Schwerpunkte:
- Förderung von Klein- und Mittelständischen Betrieben.
- Ausbau der Möglichkeiten für den 2. und 3. Arbeitsmarkt (MBQ).
- Familiengerechtes München - Vereinbarkeit von Familie, Kindern und Beruf.
- Bezahlbares Wohnen in München und Sicherung der Lebensqualität.
- Neue Energiekonzepte.",,,,,,,,,,,
Monika Schmid-Balzert,Person,,Schmid-Balzert,Monika,Frau,9664078,,SPD,SPD-Stadtratsfraktion,2026-2032,,,,,https://www.instagram.com/dieschmidmoni/,,https://www.linkedin.com/in/monika-schmid-balzert-95331270/,,,https://risi.muenchen.de/risi/person/detail/9664078,,2026-03-08,2026-05-01,7,125318,,,,,,,,,,,,
Julia Schmitt-Thiel,Person,,Schmitt-Thiel,Julia,Frau,5963766,Dr.,SPD,SPD-Stadtratsfraktion,2026-2032,,post@schmitt-thiel.de,,"SPD / Volt Stadtratsfraktion, Rathaus, Marienplatz 8, 80331, München",https://www.instagram.com/julia.schmittthiel/,https://www.facebook.com/julia.schmittthiel/,https://www.linkedin.com/in/julia-schmitt-thiel-a0aa72143/,,,https://risi.muenchen.de/risi/person/detail/5963766,https://risi.muenchen.de/risi/bild/6193580,,,15,114219,"Geboren 1978, aufgewachsen in München Freimann, ein Kind.
Studium in München, Kopenhagen und Venedig, Promotion an der Universität Heidelberg. Derzeit Leiterin der Mohr-Villa Freimann.

Mitglied in den Ausschüssen für
- Arbeit und Wirtschaft,
- Bauen,
- Umwelt,
- Verwaltung und Personal.

Umweltpolitische Sprecherin. Stv. Fachsprecherin Europapolitik. Aufsichtsrätin Olympiapark München GmbH.
Stv. Verwaltungsbeirätin Europa. Stv. Delegierte Deutscher Städtetag.
Kommissionen: Gleichstellung, Europa, Kunst am Bau, Energie, kommunale Entwicklungszusammenarbeit.",,,,,,,,,,,
Christian Schwarzenberger,Person,,Schwarzenberger,Christian,Herr,9689637,,Die Linke,Die Linke Fraktion im Münchner Stadtrat,2026-2032,,,,,https://www.instagram.com/schwarzenbergerlinke/,,,,,https://risi.muenchen.de/risi/person/detail/9689637,,,,4,50587,,,,,,,,,,,,
Kathrin Schäfer,Person,,Schäfer,Kathrin,Frau,9666585,,BK,Fraktion ÖDP/BK/ML,2026-2032,,,,,https://www.instagram.com/kathrin_schaefer_kulturpr/,https://www.facebook.com/kathrin.schafer.5245/,,,,https://risi.muenchen.de/risi/person/detail/9666585,,2026-03-08,2026-05-01,1,16883,,,,,,,,,,,,
Jörg Schäfer,Person,,Schäfer,Jörg,Herr,9663873,,AFD,AfD-Fraktion Stadtrat München,2026-2032,,,,,,,,,,https://risi.muenchen.de/risi/person/detail/9663873,,2026-03-08,2026-05-01,4,100256,,,,,,,,,,,,
Florian Schönemann,Person,,Schönemann,Florian,Herr,5963090,,Die Grünen,Die Grünen – Rosa Liste Stadtratsfraktion,2026-2032,,mail@florian-schoenemann.de,http://florian-schoenemann.de/,"Fraktion Die Grünen - Rosa Liste, Rathaus, Marienplatz 8, 80331, München",https://www.instagram.com/florian.schoenemann/,https://www.facebook.com/Stadtrat.Florian/,https://www.linkedin.com/in/florian-sch%C3%B6nemann-9b6bb215a/,https://www.tiktok.com/@florian.schoenemann,,https://risi.muenchen.de/risi/person/detail/5963090,https://risi.muenchen.de/risi/bild/6194472,,,19,155332,"Geboren am 24.2.1988, ledig.
Ingenieur Maschinenbau &amp; Management TUM.
Mitglied im Planungs-, Bau-, Sport- und Mobilitätsausschuss (ab 9/20).
Aufsichtsrat der Olympiapark München GmbH und der Münchner Gewerbehöfe GmbH.
Verwaltungsbeirat Tiefbau. 

Ziele
- Für ein klimaneutrales München bis spätestens 2035, München als Vorbild für konsequenten Klima- und Umweltschutz.
- Für klimafreundliche, komfortable und kostenlose Mobilität für alle sowie mehr öffentlichen Raum.
- Für bezahlbares Wohnen, eine grundlegende Reform der Sozialgerechten Bodennutzung. Erst auf schon versiegelten Flächen bauen und Grünflächen erhalten.

mail@florian-schoenemann.de",,,,,,,,,https://qgesqcymfpqykxgkrxiu.supabase.co/functions/v1/serve-feed?id=00820f34-d34d-407e-89b1-f5623054bbd3,https://qgesqcymfpqykxgkrxiu.supabase.co/functions/v1/serve-feed?id=2ca5b2ce-5c49-4a6a-ab32-a6b01c014042,https://qgesqcymfpqykxgkrxiu.supabase.co/functions/v1/serve-feed?id=bc92fcc6-6af0-4ed7-bb73-af823946ab9f
Christian Smolka,Person,,Smolka,Christian,Herr,5963113,,Die Grünen,Die Grünen – Rosa Liste Stadtratsfraktion,2026-2032,,,,,https://www.instagram.com/christiansmolka/,,https://www.linkedin.com/in/christian-smolka-668564119/,,,https://risi.muenchen.de/risi/person/detail/5963113,https://risi.muenchen.de/risi/bild/6194479,,,8,171209,"Geboren 1965 in Krefeld, verheiratet.
Augenoptiker, Kinder- und Jugendoptometrist, selbstständig.
Stadtrat seit 2020.

Mitglied im
- Ausschuss für Stadtplanung und Bauordnung,
- Kommunalausschuss,
- Umweltausschuss,
- Kreisverwaltungsausschuss,
- Bauausschuss und
- Mobilitätsausschuss.

Aufsichtsrat der GEWOFAG, HEIMAG und MRG.

Schwerpunkte meiner Arbeit sind:
- Mobilitätswende
- Stadtplanung
- Umweltpolitik (u.a. Frischluftschneisen)",,,,,,,,,,,
Felix Sproll,Person,,Sproll,Felix,Herr,5965929,,Volt,Stadtratsfraktion Volt,2026-2032,,,,,https://www.instagram.com/felix_sproll/,https://www.facebook.com/fsproll/,https://www.linkedin.com/in/felix-sproll-79867019b/,,,https://risi.muenchen.de/risi/person/detail/5965929,https://risi.muenchen.de/risi/bild/6194483,,,1,104189,"Geboren 1992 in Augsburg, seit 2011 beruflich und seit 2016 wohnhaft in München. Selbstständiger Finanzberater. Stadtrat seit 2020.
Mitglied im Ausschuss für Arbeit und Wirtschaft, Mobilität, Bildung, Umwelt und IT. Aufsichtsratsmitglied der MGH Münchner Gewerbehöfe. Verwaltungsbeirat Europa und Internationales. Stellv. Vorsitzender der Europakommission. Mitglied im Rat der Gemeinden und Regionen Europas (RGRE) und im Ausschuss für kommunale Entwicklungszusammenarbeit.

Ich setze mich ein für
- Europa
- EU-Bürger*innen in München
- schnellen Ausbau des Mobilfunks
- Digitalisierung in diversen Bereichen
- Stärkung von Bürger*innenbeteiligung
- München als zukunftsfähigen Wirtschaftsstandort
- jede Art von geteilter Mobilität und den Ausbau des Radverkehrs",,,,,,,,,,,
Matthias Stadler,Person,,Stadler,Matthias,Herr,5962974,,CSU,CSU-Stadtratsfraktion,2026-2032,,,,,https://www.instagram.com/stad_matthias/,,https://www.linkedin.com/in/matthias-stadler-67a92038b/,,,https://risi.muenchen.de/risi/person/detail/5962974,https://risi.muenchen.de/risi/bild/6194486,,,18,148075,"Geboren am 8.9.1991, Geburtsort Gräfelfing, Familienstand ledig,
Immobilienkaufmann, Betriebswirt.

Mitglied in folgenden Ausschüssen:
- Kommunalausschuss,
- Kinder- und Jugendhilfeausschuss,
- Umweltausschuss.

Aufsichtsrat der MGH - Münchner Gewerbehof- und Technologiezentrumsgesellschaft mbH

Ziele:
- Ausbau von Freizeit- und Erholungsmöglichkeiten im öffentlichen Raum schaffen,
- Eine belastbare Infrastruktur sowie Verkehrsplanung schaffen,
- Kleine und mittelständische Unternehmen unterstützen,
- Weniger Bürokratie und damit schnellere Entscheidungen.",,,,,,,,,,,
Daniel Stanke,Person,,Stanke,Daniel,Herr,5965718,,AFD,AfD-Fraktion Stadtrat München,2026-2032,,stadtrat-muenchen@afdbayern.de,,"Rathaus, Marienplatz 8, 80331, München",https://www.facebook.com/daniel.stanke.afd/,https://www.facebook.com/daniel.stanke.afd/,,,,https://risi.muenchen.de/risi/person/detail/5965718,https://risi.muenchen.de/risi/bild/7697144,,,1,103814,"Geboren 1977 in München. Verheiratet, zwei Kinder.
Studium des Maschinenbaus an der TU München sowie Aufbaustudium zum Wirtschaftsingenieur an der FernUni Hagen.
Seit 2003 Angestellter in der Automobilindustrie.
Seit 2020 im Münchner Stadtrat.

Standpunkte:
- Erhalt unserer Heimat München,
- Entlastung der Stadt durch Reduzierung des Zuzugs,
- Unterstützung für unsere Kinder und Familien,
- Realisierung des S-Bahnrings.",,,,,,,,,,,
Andreas Staufenbiel,Person,,Staufenbiel,Andreas,Herr,9664228,,Freie Wähler,Fraktion FDP – FREIE WÄHLER,2026-2032,,,,,https://www.instagram.com/a.staufenbiel/,https://www.facebook.com/andreas.staufenbiel,,,,https://risi.muenchen.de/risi/person/detail/9664228,,2026-03-08,2026-05-01,2,23856,,,,,,,,,,,,
Lorenz Stradtner,Person,,Stradtner,Lorenz,Herr,9664261,,Die Grünen,Die Grünen – Rosa Liste Stadtratsfraktion,2026-2032,,,,,https://www.instagram.com/str.lorenz/,,,,,https://risi.muenchen.de/risi/person/detail/9664261,,2026-03-08,2026-05-01,11,169817,,,,,,,,,,,,
Sibylle Stöhr,Person,,Stöhr,Sibylle,Frau,5963120,,Die Grünen,Die Grünen – Rosa Liste Stadtratsfraktion,2026-2032,,,,,,,,,,https://risi.muenchen.de/risi/person/detail/5963120,https://risi.muenchen.de/risi/bild/6194489,,,3,184536,"Geboren am 15.5.1970 in Selb, aufgewachsen in Regensburg, seit 1999 in München.
Magisterstudium der Politikwissenschaft, Soziologie und Geographie in Passau und Cardiff. Ausbildung zur
Bergwanderführerin.

Mitglied im Bau-, Kommunal-, Mobilitäts-, Verwaltungs- und Personal und IT-Ausschuss.

Verwaltungsbeirätin für Bezirksausschussangelegenheiten

Aufsichtsrätin der MGS und MGH 
Vorsitzende des Bezirksausschuss 8 Schwanthalerhöhe

&quot;Ich engagiere mich für eine offene Stadtgesellschaft, die Teilhabe für alle ermöglicht&quot;",,,,,,,,,,,
David Süß,Person,,Süß,David,Herr,5963133,,Die Grünen,Die Grünen – Rosa Liste Stadtratsfraktion,2026-2032,,,,"Fraktion Die Grünen - Rosa Liste, Rathaus, Marienplatz 8, 80331, München",https://www.instagram.com/david.suess/,https://www.facebook.com/profile.php?id=1041939434,https://www.linkedin.com/in/david-s%C3%BC%C3%9F-75280b22b/,,,https://risi.muenchen.de/risi/person/detail/5963133,https://risi.muenchen.de/risi/bild/6194502,,,4,182618,"Aufgewachsen in Fürstenfeldbruck, seit 1988 wohnhaft in München.
Nach dem Zivildienst im Kreiskrankenhaus Fürstenfeldbruck, einer Ausbildung zum Krankenpfleger an
der städtischen Berufsfachschule in Schwabing und einer Berufstätigkeit, seit 1992 freier Kulturveranstalter.

Seit 2011 im Vorstand des Verbands der Münchner Kulturveranstalter e.V.

Geboren am 9.1.1966 in Fürth, zwei Kinder und eine Lebensgefährtin.

Mitglied in folgenden Ausschüssen:
Kultur-, Stadtplanungs-, Sport- und IT-Ausschuss.

Aufsichtsräte:
Münchner Volkstheater, Olympiapark GmbH",,,,,,,,,,,
Renate Unterberg,Person,,Unterberg,Renate,Frau,9664296,Dr.,Die Grünen,Die Grünen – Rosa Liste Stadtratsfraktion,2026-2032,,,,,,,,,,https://risi.muenchen.de/risi/person/detail/9664296,,2026-03-08,2026-05-01,20,151823,,,,,,,,,,,,
Antonia Waldner,Person,,Waldner,Antonia,Frau,9664376,,CSU,CSU-Stadtratsfraktion,2026-2032,,,,,,,,,,https://risi.muenchen.de/risi/person/detail/9664376,,2026-03-08,2026-05-01,9,153890,,,,,,,,,,,,
Sebastian Weisenburger,Person,,Weisenburger,Sebastian,Herr,5260734,,Die Grünen,Die Grünen – Rosa Liste Stadtratsfraktion,2026-2032,,,http://www.sebastian-weisenburger.de/,"Fraktion Die Grünen - Rosa Liste, Rathaus, Marienplatz 8, 80331, München",https://www.instagram.com/gruenerweise/,https://www.facebook.com/sebastian.weisenburger.7,https://www.linkedin.com/in/sebastian-weisenburger-1472b689/,,,https://risi.muenchen.de/risi/person/detail/5260734,https://risi.muenchen.de/risi/bild/6194513,,,9,170481,"Geboren 1983 in Karlsruhe, verheiratet, zwei Kinder. 
Studium der Philosophie, Politikwissenschaft und Kommunikationswissenschaft an der LMU in München.

Stellv. Fraktionsvorsitzender.
Mitglied in den Ausschüssen für Kinder- und Jugendhilfe, Bildung, Arbeit und Wirtschaft und Finanzen.

Mitglied im Aufsichtsrat der Münchener Tierpark Hellabrunn AG, der Spielraumkommission und der Europakommission.
Vorsitzender des Bezirksausschusses 18 (Untergiesing-Harlaching).

sebastian-weisenburger.de",,,,,,,,,,,
Susanne Weiß,Person,,Weiß,Susanne,Frau,9664441,Dr.,Die Grünen,Die Grünen – Rosa Liste Stadtratsfraktion,2026-2032,,,,,https://www.instagram.com/susanneweiss_07/,,,,,https://risi.muenchen.de/risi/person/detail/9664441,,2026-03-08,2026-05-01,10,170143,,,,,,,,,,,,
Christian Zöller,Person,,Zöller,Christian,Herr,9664474,,CSU,CSU-Stadtratsfraktion,2026-2032,,,,,https://www.instagram.com/christian_zoeller/,https://www.facebook.com/christian.zoller.395/,,,,https://risi.muenchen.de/risi/person/detail/9664474,,2026-03-08,2026-05-01,16,148595,,,,,,,,,,,,
Michael von Stosch,Person,,von Stosch,Michael,Herr,9664347,,Volt,Stadtratsfraktion Volt,2026-2032,,,,,https://www.instagram.com/mvstosch/,,https://www.linkedin.com/in/michael-von-stosch/,,,https://risi.muenchen.de/risi/person/detail/9664347,,2026-03-08,2026-05-01,4,93221,,,,,,,,,,,,
AfD-Fraktion Stadtrat München,Fraktion,,,,,,,,AfD-Fraktion Stadtrat München,,,,,,,,,,,,,,,,,,,,,,,,,,,,
CSU-Stadtratsfraktion,Fraktion,,,,,,,,CSU-Stadtratsfraktion,,,,,,,,,,,,,,,,,,,,,,,,,,,,
Die Grünen – Rosa Liste Stadtratsfraktion,Fraktion,,,,,,,,Die Grünen – Rosa Liste Stadtratsfraktion,,,,,,,,,,,,,,,,,,,,,,,,,,,,
Die Linke Fraktion im Münchner Stadtrat,Fraktion,,,,,,,,Die Linke Fraktion im Münchner Stadtrat,,,,,,,,,,,,,,,,,,,,,,,,,,,,
Fraktion FDP – FREIE WÄHLER,Fraktion,,,,,,,,Fraktion FDP – FREIE WÄHLER,,,,,,,,,,,,,,,,,,,,,,,,,,,,
Fraktion ÖDP/BK/ML,Fraktion,,,,,,,,Fraktion ÖDP/BK/ML,,,,,,,,,,,,,,,,,,,,,,,,,,,,
SPD-Stadtratsfraktion,Fraktion,,,,,,,,SPD-Stadtratsfraktion,,,,,,,,,,,,,,,,,,,,,,,,,,,,
Stadtratsfraktion Volt,Fraktion,,,,,,,,Stadtratsfraktion Volt,,,,,,,,,,,,,,,,,,,,,,,,,,,,
AFD,Partei,,,,,,,AFD,,,,,,,,,,,,,,,,,,,,,,,,,,,,,
BK,Partei,,,,,,,BK,,,,,,,,,,,,,,,,,,,,,,,,,,,,,
CSU,Partei,,,,,,,CSU,,,,,,,,,,,,,,,,,,,,,,,,,,,,,
Die Grünen,Partei,,,,,,,Die Grünen,,,,,,,,,,,,,,,,,,,,,,,,,,,,,
Die Linke,Partei,,,,,,,Die Linke,,,,,,,,,,,,,,,,,,,,,,,,,,,,,
Die Partei,Partei,,,,,,,Die Partei,,,,,,,,,,,,,,,,,,,,,,,,,,,,,
FDP,Partei,,,,,,,FDP,,,,,,,,,,,,,,,,,,,,,,,,,,,,,
Freie Wähler,Partei,,,,,,,Freie Wähler,,,,,,,,,,,,,,,,,,,,,,,,,,,,,
München Liste,Partei,,,,,,,München Liste,,,,,,,,,,,,,,,,,,,,,,,,,,,,,
Rosa Liste,Partei,,,,,,,Rosa Liste,,,,,,,,,,,,,,,,,,,,,,,,,,,,,
SPD,Partei,,,,,,,SPD,,,,,,,,,,,,,,,,,,,,,,,,,,,,,
Volt,Partei,,,,,,,Volt,,,,,,,,,,,,,,,,,,,,,,,,,,,,,
ÖDP,Partei,,,,,,,ÖDP,,,,,,,,,,,,,,,,,,,,,,,,,,,,,
